category,count,mean,median,min,max
A,4,11.5,11.5,10,13
B,3,15.666666666666666,15.0,14,18
C,3,27.666666666666668,28.0,25,30
